type,CATEGORY,RUN_ACCESSION
DUPLICATE_WITHIN_CATEGORY,1000_RANDOM_1MB,ERR9984656
DUPLICATE_WITHIN_CATEGORY,1000_RANDOM_1MB,ERR9984656
DUPLICATE_WITHIN_CATEGORY,10000_RANDOM_1MB,ERR9983086
DUPLICATE_WITHIN_CATEGORY,10000_RANDOM_1MB,ERR9811240
DUPLICATE_WITHIN_CATEGORY,10000_RANDOM_1MB,ERR1030437
DUPLICATE_WITHIN_CATEGORY,10000_RANDOM_1MB,ERR13515639
DUPLICATE_WITHIN_CATEGORY,10000_RANDOM_1MB,ERR5987606
DUPLICATE_WITHIN_CATEGORY,10000_RANDOM_1MB,ERR1182930
DUPLICATE_WITHIN_CATEGORY,10000_RANDOM_1MB,ERR500682
DUPLICATE_WITHIN_CATEGORY,10000_RANDOM_1MB,ERR1032925
DUPLICATE_WITHIN_CATEGORY,10000_RANDOM_1MB,ERR3658604
DUPLICATE_WITHIN_CATEGORY,10000_RANDOM_1MB,ERR14955967
DUPLICATE_WITHIN_CATEGORY,10000_RANDOM_1MB,ERR806487
DUPLICATE_WITHIN_CATEGORY,10000_RANDOM_1MB,ERR2836843
DUPLICATE_WITHIN_CATEGORY,10000_RANDOM_1MB,ERR9294888
DUPLICATE_WITHIN_CATEGORY,10000_RANDOM_1MB,ERR1926256
DUPLICATE_WITHIN_CATEGORY,10000_RANDOM_1MB,ERR10627357
DUPLICATE_WITHIN_CATEGORY,10000_RANDOM_1MB,ERR1925976
DUPLICATE_WITHIN_CATEGORY,10000_RANDOM_1MB,ERR1926873
DUPLICATE_WITHIN_CATEGORY,10000_RANDOM_1MB,ERR4474529
DUPLICATE_WITHIN_CATEGORY,10000_RANDOM_1MB,ERR14585031
DUPLICATE_WITHIN_CATEGORY,10000_RANDOM_1MB,ERR15114846
DUPLICATE_WITHIN_CATEGORY,10000_RANDOM_1MB,ERR6140862
DUPLICATE_WITHIN_CATEGORY,10000_RANDOM_1MB,ERR11554719
DUPLICATE_WITHIN_CATEGORY,10000_RANDOM_1MB,ERR4820646
DUPLICATE_WITHIN_CATEGORY,10000_RANDOM_1MB,ERR2666897
DUPLICATE_WITHIN_CATEGORY,10000_RANDOM_1MB,ERR3659657
DUPLICATE_WITHIN_CATEGORY,10000_RANDOM_1MB,ERR1918799
DUPLICATE_WITHIN_CATEGORY,10000_RANDOM_1MB,ERR4018623
DUPLICATE_WITHIN_CATEGORY,10000_RANDOM_1MB,ERR13514894
DUPLICATE_WITHIN_CATEGORY,10000_RANDOM_1MB,ERR7616451
DUPLICATE_WITHIN_CATEGORY,10000_RANDOM_1MB,ERR6719767
DUPLICATE_WITHIN_CATEGORY,10000_RANDOM_1MB,ERR12404101
DUPLICATE_WITHIN_CATEGORY,10000_RANDOM_1MB,ERR9984331
DUPLICATE_WITHIN_CATEGORY,10000_RANDOM_1MB,ERR2575337
DUPLICATE_WITHIN_CATEGORY,10000_RANDOM_1MB,ERR4820646
DUPLICATE_WITHIN_CATEGORY,10000_RANDOM_1MB,ERR12353107
DUPLICATE_WITHIN_CATEGORY,10000_RANDOM_1MB,ERR13098286
DUPLICATE_WITHIN_CATEGORY,10000_RANDOM_1MB,ERR3063824
DUPLICATE_WITHIN_CATEGORY,10000_RANDOM_1MB,ERR14127855
DUPLICATE_WITHIN_CATEGORY,10000_RANDOM_1MB,ERR7131962
DUPLICATE_WITHIN_CATEGORY,10000_RANDOM_1MB,ERR1925098
DUPLICATE_WITHIN_CATEGORY,10000_RANDOM_1MB,ERR10627357
DUPLICATE_WITHIN_CATEGORY,10000_RANDOM_1MB,ERR5002903
DUPLICATE_WITHIN_CATEGORY,10000_RANDOM_1MB,ERR6847384
DUPLICATE_WITHIN_CATEGORY,10000_RANDOM_1MB,ERR12353107
DUPLICATE_WITHIN_CATEGORY,10000_RANDOM_1MB,ERR1185588
DUPLICATE_WITHIN_CATEGORY,10000_RANDOM_1MB,ERR10127071
DUPLICATE_WITHIN_CATEGORY,10000_RANDOM_1MB,ERR1032925
DUPLICATE_WITHIN_CATEGORY,10000_RANDOM_1MB,ERR1177073
DUPLICATE_WITHIN_CATEGORY,10000_RANDOM_1MB,ERR3063824
DUPLICATE_WITHIN_CATEGORY,10000_RANDOM_1MB,ERR1979407
DUPLICATE_WITHIN_CATEGORY,10000_RANDOM_1MB,ERR1985760
DUPLICATE_WITHIN_CATEGORY,10000_RANDOM_1MB,ERR14978303
DUPLICATE_WITHIN_CATEGORY,10000_RANDOM_1MB,ERR10317812
DUPLICATE_WITHIN_CATEGORY,10000_RANDOM_1MB,ERR13889905
DUPLICATE_WITHIN_CATEGORY,10000_RANDOM_1MB,ERR1931063
DUPLICATE_WITHIN_CATEGORY,10000_RANDOM_1MB,ERR12116389
DUPLICATE_WITHIN_CATEGORY,10000_RANDOM_1MB,ERR1985357
DUPLICATE_WITHIN_CATEGORY,10000_RANDOM_1MB,ERR1182559
DUPLICATE_WITHIN_CATEGORY,10000_RANDOM_1MB,ERR13504022
DUPLICATE_WITHIN_CATEGORY,10000_RANDOM_1MB,ERR3976107
DUPLICATE_WITHIN_CATEGORY,10000_RANDOM_1MB,ERR10940272
DUPLICATE_WITHIN_CATEGORY,10000_RANDOM_1MB,ERR13586534
DUPLICATE_WITHIN_CATEGORY,10000_RANDOM_1MB,ERR12116389
DUPLICATE_WITHIN_CATEGORY,10000_RANDOM_1MB,ERR11599584
DUPLICATE_WITHIN_CATEGORY,10000_RANDOM_1MB,ERR1182559
DUPLICATE_WITHIN_CATEGORY,10000_RANDOM_1MB,ERR1979938
DUPLICATE_WITHIN_CATEGORY,10000_RANDOM_1MB,ERR11652279
DUPLICATE_WITHIN_CATEGORY,10000_RANDOM_1MB,ERR13997417
DUPLICATE_WITHIN_CATEGORY,10000_RANDOM_1MB,ERR11789436
DUPLICATE_WITHIN_CATEGORY,10000_RANDOM_1MB,ERR1925838
DUPLICATE_WITHIN_CATEGORY,10000_RANDOM_1MB,ERR14925092
DUPLICATE_WITHIN_CATEGORY,10000_RANDOM_1MB,ERR1161963
DUPLICATE_WITHIN_CATEGORY,10000_RANDOM_1MB,ERR11216438
DUPLICATE_WITHIN_CATEGORY,10000_RANDOM_1MB,ERR2621395
DUPLICATE_WITHIN_CATEGORY,10000_RANDOM_1MB,ERR13063913
DUPLICATE_WITHIN_CATEGORY,10000_RANDOM_1MB,ERR1919972
DUPLICATE_WITHIN_CATEGORY,10000_RANDOM_1MB,ERR1919752
DUPLICATE_WITHIN_CATEGORY,10000_RANDOM_1MB,ERR12252835
DUPLICATE_WITHIN_CATEGORY,10000_RANDOM_1MB,ERR1985760
DUPLICATE_WITHIN_CATEGORY,10000_RANDOM_1MB,ERR5767901
DUPLICATE_WITHIN_CATEGORY,10000_RANDOM_1MB,ERR1930727
DUPLICATE_WITHIN_CATEGORY,10000_RANDOM_1MB,ERR10447703
DUPLICATE_WITHIN_CATEGORY,10000_RANDOM_1MB,ERR13255927
DUPLICATE_WITHIN_CATEGORY,10000_RANDOM_1MB,ERR12944244
DUPLICATE_WITHIN_CATEGORY,10000_RANDOM_1MB,ERR14860005
DUPLICATE_WITHIN_CATEGORY,10000_RANDOM_1MB,ERR2106669
DUPLICATE_WITHIN_CATEGORY,10000_RANDOM_1MB,ERR1984730
DUPLICATE_WITHIN_CATEGORY,10000_RANDOM_1MB,ERR1924839
DUPLICATE_WITHIN_CATEGORY,10000_RANDOM_1MB,ERR14127855
DUPLICATE_WITHIN_CATEGORY,10000_RANDOM_1MB,ERR4018623
DUPLICATE_WITHIN_CATEGORY,10000_RANDOM_1MB,ERR500425
DUPLICATE_WITHIN_CATEGORY,10000_RANDOM_1MB,ERR3658604
DUPLICATE_WITHIN_CATEGORY,10000_RANDOM_1MB,ERR3977460
DUPLICATE_WITHIN_CATEGORY,10000_RANDOM_1MB,ERR3649897
DUPLICATE_WITHIN_CATEGORY,10000_RANDOM_1MB,ERR3649897
DUPLICATE_WITHIN_CATEGORY,10000_RANDOM_1MB,ERR12671126
DUPLICATE_WITHIN_CATEGORY,10000_RANDOM_1MB,ERR8017060
DUPLICATE_WITHIN_CATEGORY,10000_RANDOM_1MB,ERR13055474
DUPLICATE_WITHIN_CATEGORY,10000_RANDOM_1MB,ERR1133440
DUPLICATE_WITHIN_CATEGORY,10000_RANDOM_1MB,ERR1176704
DUPLICATE_WITHIN_CATEGORY,10000_RANDOM_1MB,ERR1925666
DUPLICATE_WITHIN_CATEGORY,10000_RANDOM_1MB,ERR1931063
DUPLICATE_WITHIN_CATEGORY,10000_RANDOM_1MB,ERR841521
DUPLICATE_WITHIN_CATEGORY,10000_RANDOM_1MB,ERR14978303
DUPLICATE_WITHIN_CATEGORY,10000_RANDOM_1MB,ERR500425
DUPLICATE_WITHIN_CATEGORY,10000_RANDOM_1MB,ERR1984429
DUPLICATE_WITHIN_CATEGORY,10000_RANDOM_1MB,ERR6012454
DUPLICATE_WITHIN_CATEGORY,10000_RANDOM_1MB,ERR3893777
DUPLICATE_WITHIN_CATEGORY,10000_RANDOM_1MB,ERR1180531
DUPLICATE_WITHIN_CATEGORY,10000_RANDOM_1MB,ERR6719767
DUPLICATE_WITHIN_CATEGORY,10000_RANDOM_1MB,ERR14674373
DUPLICATE_WITHIN_CATEGORY,10000_RANDOM_1MB,ERR12125297
DUPLICATE_WITHIN_CATEGORY,10000_RANDOM_1MB,ERR10218997
DUPLICATE_WITHIN_CATEGORY,10000_RANDOM_1MB,ERR13517250
DUPLICATE_WITHIN_CATEGORY,10000_RANDOM_1MB,ERR4144201
DUPLICATE_WITHIN_CATEGORY,10000_RANDOM_1MB,ERR2836291
DUPLICATE_WITHIN_CATEGORY,10000_RANDOM_1MB,ERR13316918
DUPLICATE_WITHIN_CATEGORY,10000_RANDOM_1MB,ERR3514484
DUPLICATE_WITHIN_CATEGORY,10000_RANDOM_1MB,ERR2672852
DUPLICATE_WITHIN_CATEGORY,10000_RANDOM_1MB,ERR1979517
DUPLICATE_WITHIN_CATEGORY,10000_RANDOM_1MB,ERR10127022
DUPLICATE_WITHIN_CATEGORY,10000_RANDOM_1MB,ERR10394974
DUPLICATE_WITHIN_CATEGORY,10000_RANDOM_1MB,ERR1170352
DUPLICATE_WITHIN_CATEGORY,10000_RANDOM_1MB,ERR1679913
DUPLICATE_WITHIN_CATEGORY,10000_RANDOM_1MB,ERR2673602
DUPLICATE_WITHIN_CATEGORY,10000_RANDOM_1MB,ERR13867282
DUPLICATE_WITHIN_CATEGORY,10000_RANDOM_1MB,ERR824834
DUPLICATE_WITHIN_CATEGORY,10000_RANDOM_1MB,ERR3893043
DUPLICATE_WITHIN_CATEGORY,10000_RANDOM_1MB,ERR7616451
DUPLICATE_WITHIN_CATEGORY,10000_RANDOM_1MB,ERR11258329
DUPLICATE_WITHIN_CATEGORY,10000_RANDOM_1MB,ERR3003886
DUPLICATE_WITHIN_CATEGORY,10000_RANDOM_1MB,ERR8281427
DUPLICATE_WITHIN_CATEGORY,10000_RANDOM_1MB,ERR6142828
DUPLICATE_WITHIN_CATEGORY,10000_RANDOM_1MB,ERR1180531
DUPLICATE_WITHIN_CATEGORY,10000_RANDOM_1MB,ERR13998125
DUPLICATE_WITHIN_CATEGORY,10000_RANDOM_1MB,ERR1169590
DUPLICATE_WITHIN_CATEGORY,10000_RANDOM_1MB,ERR11789436
DUPLICATE_WITHIN_CATEGORY,10000_RANDOM_1MB,ERR1176915
DUPLICATE_WITHIN_CATEGORY,10000_RANDOM_1MB,ERR4873617
DUPLICATE_WITHIN_CATEGORY,10000_RANDOM_1MB,ERR2866353
DUPLICATE_WITHIN_CATEGORY,10000_RANDOM_1MB,ERR499173
DUPLICATE_WITHIN_CATEGORY,10000_RANDOM_1MB,ERR1180176
DUPLICATE_WITHIN_CATEGORY,10000_RANDOM_1MB,ERR806487
DUPLICATE_WITHIN_CATEGORY,10000_RANDOM_1MB,ERR9727969
DUPLICATE_WITHIN_CATEGORY,10000_RANDOM_1MB,ERR1926264
DUPLICATE_WITHIN_CATEGORY,10000_RANDOM_1MB,ERR12353124
DUPLICATE_WITHIN_CATEGORY,10000_RANDOM_1MB,ERR4474529
DUPLICATE_WITHIN_CATEGORY,10000_RANDOM_1MB,ERR14907954
DUPLICATE_WITHIN_CATEGORY,10000_RANDOM_1MB,ERR10627391
DUPLICATE_WITHIN_CATEGORY,10000_RANDOM_1MB,ERR14822514
DUPLICATE_WITHIN_CATEGORY,10000_RANDOM_1MB,ERR1919752
DUPLICATE_WITHIN_CATEGORY,10000_RANDOM_1MB,ERR1182905
DUPLICATE_WITHIN_CATEGORY,10000_RANDOM_1MB,ERR12124489
DUPLICATE_WITHIN_CATEGORY,10000_RANDOM_1MB,ERR2142905
DUPLICATE_WITHIN_CATEGORY,10000_RANDOM_1MB,ERR13316918
DUPLICATE_WITHIN_CATEGORY,10000_RANDOM_1MB,ERR1925098
DUPLICATE_WITHIN_CATEGORY,10000_RANDOM_1MB,ERR11790493
DUPLICATE_WITHIN_CATEGORY,10000_RANDOM_1MB,ERR1931857
DUPLICATE_WITHIN_CATEGORY,10000_RANDOM_1MB,ERR15114846
DUPLICATE_WITHIN_CATEGORY,10000_RANDOM_1MB,ERR1161963
DUPLICATE_WITHIN_CATEGORY,10000_RANDOM_1MB,ERR12116189
DUPLICATE_WITHIN_CATEGORY,10000_RANDOM_1MB,ERR3824404
DUPLICATE_WITHIN_CATEGORY,10000_RANDOM_1MB,ERR13997314
DUPLICATE_WITHIN_CATEGORY,10000_RANDOM_1MB,ERR12748615
DUPLICATE_WITHIN_CATEGORY,10000_RANDOM_1MB,ERR499953
DUPLICATE_WITHIN_CATEGORY,10000_RANDOM_1MB,ERR9984438
DUPLICATE_WITHIN_CATEGORY,10000_RANDOM_1MB,ERR3824404
DUPLICATE_WITHIN_CATEGORY,10000_RANDOM_1MB,ERR3893082
DUPLICATE_WITHIN_CATEGORY,10000_RANDOM_1MB,ERR10127022
DUPLICATE_WITHIN_CATEGORY,10000_RANDOM_1MB,ERR11204946
DUPLICATE_WITHIN_CATEGORY,10000_RANDOM_1MB,ERR3008021
DUPLICATE_WITHIN_CATEGORY,10000_RANDOM_1MB,ERR11437561
DUPLICATE_WITHIN_CATEGORY,10000_RANDOM_1MB,ERR14978247
DUPLICATE_WITHIN_CATEGORY,10000_RANDOM_1MB,ERR2836291
DUPLICATE_WITHIN_CATEGORY,10000_RANDOM_1MB,ERR1177358
DUPLICATE_WITHIN_CATEGORY,10000_RANDOM_1MB,ERR4500392
DUPLICATE_WITHIN_CATEGORY,10000_RANDOM_1MB,ERR6003116
DUPLICATE_WITHIN_CATEGORY,10000_RANDOM_1MB,ERR1169759
DUPLICATE_WITHIN_CATEGORY,10000_RANDOM_1MB,ERR3008021
DUPLICATE_WITHIN_CATEGORY,10000_RANDOM_1MB,ERR12353124
DUPLICATE_WITHIN_CATEGORY,10000_RANDOM_1MB,ERR12124489
DUPLICATE_WITHIN_CATEGORY,10000_RANDOM_1MB,ERR14978247
DUPLICATE_WITHIN_CATEGORY,10000_RANDOM_1MB,ERR3063794
DUPLICATE_WITHIN_CATEGORY,10000_RANDOM_1MB,ERR6003116
DUPLICATE_WITHIN_CATEGORY,10000_RANDOM_1MB,ERR14978920
DUPLICATE_WITHIN_CATEGORY,10000_RANDOM_1MB,ERR1979228
DUPLICATE_WITHIN_CATEGORY,10000_RANDOM_1MB,ERR13889905
DUPLICATE_WITHIN_CATEGORY,10000_RANDOM_1MB,ERR3444907
DUPLICATE_WITHIN_CATEGORY,10000_RANDOM_1MB,ERR1926873
DUPLICATE_WITHIN_CATEGORY,10000_RANDOM_1MB,ERR1983189
DUPLICATE_WITHIN_CATEGORY,10000_RANDOM_1MB,ERR13998125
DUPLICATE_WITHIN_CATEGORY,10000_RANDOM_1MB,ERR13514599
DUPLICATE_WITHIN_CATEGORY,10000_RANDOM_1MB,ERR8281427
DUPLICATE_WITHIN_CATEGORY,10000_RANDOM_1MB,ERR5350077
DUPLICATE_WITHIN_CATEGORY,10000_RANDOM_1MB,ERR1985093
DUPLICATE_WITHIN_CATEGORY,10000_RANDOM_1MB,ERR11790527
DUPLICATE_WITHIN_CATEGORY,10000_RANDOM_1MB,ERR13588473
DUPLICATE_WITHIN_CATEGORY,10000_RANDOM_1MB,ERR2666897
DUPLICATE_WITHIN_CATEGORY,10000_RANDOM_1MB,ERR1983189
DUPLICATE_WITHIN_CATEGORY,10000_RANDOM_1MB,ERR12388716
DUPLICATE_WITHIN_CATEGORY,10000_RANDOM_1MB,ERR14955967
DUPLICATE_WITHIN_CATEGORY,10000_RANDOM_1MB,ERR10447703
DUPLICATE_WITHIN_CATEGORY,10000_RANDOM_1MB,ERR6847384
DUPLICATE_WITHIN_CATEGORY,10000_RANDOM_1MB,ERR1918799
DUPLICATE_WITHIN_CATEGORY,10000_RANDOM_1MB,ERR14696489
DUPLICATE_WITHIN_CATEGORY,10000_RANDOM_1MB,ERR500682
DUPLICATE_WITHIN_CATEGORY,10000_RANDOM_1MB,ERR15130820
DUPLICATE_WITHIN_CATEGORY,10000_RANDOM_1MB,ERR2836565
DUPLICATE_WITHIN_CATEGORY,10000_RANDOM_1MB,ERR11443953
DUPLICATE_WITHIN_CATEGORY,10000_RANDOM_1MB,ERR4497821
DUPLICATE_WITHIN_CATEGORY,10000_RANDOM_1MB,ERR12860739
DUPLICATE_WITHIN_CATEGORY,10000_RANDOM_1MB,ERR3263244
DUPLICATE_WITHIN_CATEGORY,10000_RANDOM_1MB,ERR2106669
DUPLICATE_WITHIN_CATEGORY,10000_RANDOM_1MB,ERR5382993
DUPLICATE_WITHIN_CATEGORY,10000_RANDOM_1MB,ERR14243127
DUPLICATE_WITHIN_CATEGORY,10000_RANDOM_1MB,ERR9360654
DUPLICATE_WITHIN_CATEGORY,10000_RANDOM_1MB,ERR1133440
DUPLICATE_WITHIN_CATEGORY,10000_RANDOM_1MB,ERR12671126
DUPLICATE_WITHIN_CATEGORY,10000_RANDOM_1MB,ERR3977460
DUPLICATE_WITHIN_CATEGORY,10000_RANDOM_1MB,ERR4388540
DUPLICATE_WITHIN_CATEGORY,10000_RANDOM_1MB,ERR1926256
DUPLICATE_WITHIN_CATEGORY,10000_RANDOM_1MB,ERR841521
DUPLICATE_WITHIN_CATEGORY,10000_RANDOM_1MB,ERR3485678
DUPLICATE_WITHIN_CATEGORY,10000_RANDOM_1MB,ERR1177358
DUPLICATE_WITHIN_CATEGORY,10000_RANDOM_1MB,ERR3003850
DUPLICATE_WITHIN_CATEGORY,10000_RANDOM_1MB,ERR11180165
DUPLICATE_WITHIN_CATEGORY,10000_RANDOM_1MB,ERR10627391
DUPLICATE_WITHIN_CATEGORY,10000_RANDOM_1MB,ERR11258329
DUPLICATE_WITHIN_CATEGORY,10000_RANDOM_1MB,ERR4473017
DUPLICATE_WITHIN_CATEGORY,10000_RANDOM_1MB,ERR1979228
DUPLICATE_WITHIN_CATEGORY,10000_RANDOM_1MB,ERR2673602
DUPLICATE_WITHIN_CATEGORY,10000_RANDOM_1MB,ERR4144201
DUPLICATE_WITHIN_CATEGORY,10000_RANDOM_1MB,ERR1924839
DUPLICATE_WITHIN_CATEGORY,10000_RANDOM_1MB,ERR6877042
DUPLICATE_WITHIN_CATEGORY,10000_RANDOM_1MB,ERR6140862
DUPLICATE_WITHIN_CATEGORY,10000_RANDOM_1MB,ERR14859560
DUPLICATE_WITHIN_CATEGORY,10000_RANDOM_1MB,ERR5987606
DUPLICATE_WITHIN_CATEGORY,10000_RANDOM_1MB,ERR3916296
DUPLICATE_WITHIN_CATEGORY,10000_RANDOM_1MB,ERR14696489
DUPLICATE_WITHIN_CATEGORY,10000_RANDOM_1MB,ERR10394974
DUPLICATE_WITHIN_CATEGORY,10000_RANDOM_1MB,ERR6012454
DUPLICATE_WITHIN_CATEGORY,10000_RANDOM_1MB,ERR5382993
DUPLICATE_WITHIN_CATEGORY,10000_RANDOM_1MB,ERR14788387
DUPLICATE_WITHIN_CATEGORY,10000_RANDOM_1MB,ERR4497688
DUPLICATE_WITHIN_CATEGORY,10000_RANDOM_1MB,ERR11437561
DUPLICATE_WITHIN_CATEGORY,10000_RANDOM_1MB,ERR12116189
DUPLICATE_WITHIN_CATEGORY,10000_RANDOM_1MB,ERR1177073
DUPLICATE_WITHIN_CATEGORY,10000_RANDOM_1MB,ERR499953
DUPLICATE_WITHIN_CATEGORY,10000_RANDOM_1MB,ERR9984438
DUPLICATE_WITHIN_CATEGORY,10000_RANDOM_1MB,ERR1930512
DUPLICATE_WITHIN_CATEGORY,10000_RANDOM_1MB,ERR9984331
DUPLICATE_WITHIN_CATEGORY,10000_RANDOM_1MB,ERR1984429
DUPLICATE_WITHIN_CATEGORY,10000_RANDOM_1MB,ERR11790527
DUPLICATE_WITHIN_CATEGORY,10000_RANDOM_1MB,ERR14907954
DUPLICATE_WITHIN_CATEGORY,10000_RANDOM_1MB,ERR1982308
DUPLICATE_WITHIN_CATEGORY,10000_RANDOM_1MB,ERR13514894
DUPLICATE_WITHIN_CATEGORY,10000_RANDOM_1MB,ERR10180252
DUPLICATE_WITHIN_CATEGORY,10000_RANDOM_1MB,ERR3485678
DUPLICATE_WITHIN_CATEGORY,10000_RANDOM_1MB,ERR3003850
DUPLICATE_WITHIN_CATEGORY,10000_RANDOM_1MB,ERR1176704
DUPLICATE_WITHIN_CATEGORY,10000_RANDOM_1MB,ERR9077852
DUPLICATE_WITHIN_CATEGORY,10000_RANDOM_1MB,ERR2836843
DUPLICATE_WITHIN_CATEGORY,10000_RANDOM_1MB,ERR13515639
DUPLICATE_WITHIN_CATEGORY,10000_RANDOM_1MB,ERR12203305
DUPLICATE_WITHIN_CATEGORY,10000_RANDOM_1MB,ERR499173
DUPLICATE_WITHIN_CATEGORY,10000_RANDOM_1MB,ERR3893082
DUPLICATE_WITHIN_CATEGORY,10000_RANDOM_1MB,ERR3893043
DUPLICATE_WITHIN_CATEGORY,10000_RANDOM_1MB,ERR10180252
DUPLICATE_WITHIN_CATEGORY,10000_RANDOM_1MB,ERR12404101
DUPLICATE_WITHIN_CATEGORY,10000_RANDOM_1MB,ERR1919571
DUPLICATE_WITHIN_CATEGORY,10000_RANDOM_1MB,ERR5350077
DUPLICATE_WITHIN_CATEGORY,10000_RANDOM_1MB,ERR1930512
DUPLICATE_WITHIN_CATEGORY,10000_RANDOM_1MB,ERR9294888
DUPLICATE_WITHIN_CATEGORY,10000_RANDOM_1MB,ERR12681531
DUPLICATE_WITHIN_CATEGORY,10000_RANDOM_1MB,ERR11652279
DUPLICATE_WITHIN_CATEGORY,10000_RANDOM_1MB,ERR3893018
DUPLICATE_WITHIN_CATEGORY,10000_RANDOM_1MB,ERR9360654
DUPLICATE_WITHIN_CATEGORY,10000_RANDOM_1MB,ERR2142905
DUPLICATE_WITHIN_CATEGORY,10000_RANDOM_1MB,ERR13504667
DUPLICATE_WITHIN_CATEGORY,10000_RANDOM_1MB,ERR13098286
DUPLICATE_WITHIN_CATEGORY,10000_RANDOM_1MB,ERR1979938
DUPLICATE_WITHIN_CATEGORY,10000_RANDOM_1MB,ERR3444907
DUPLICATE_WITHIN_CATEGORY,10000_RANDOM_1MB,ERR12395317
DUPLICATE_WITHIN_CATEGORY,10000_RANDOM_1MB,ERR11204946
DUPLICATE_WITHIN_CATEGORY,10000_RANDOM_1MB,ERR13586534
DUPLICATE_WITHIN_CATEGORY,10000_RANDOM_1MB,ERR14978920
DUPLICATE_WITHIN_CATEGORY,10000_RANDOM_1MB,ERR12944244
DUPLICATE_WITHIN_CATEGORY,10000_RANDOM_1MB,ERR14860005
DUPLICATE_WITHIN_CATEGORY,10000_RANDOM_1MB,ERR3263244
DUPLICATE_WITHIN_CATEGORY,10000_RANDOM_1MB,ERR1984625
DUPLICATE_WITHIN_CATEGORY,10000_RANDOM_1MB,ERR11790493
DUPLICATE_WITHIN_CATEGORY,10000_RANDOM_1MB,ERR4873617
DUPLICATE_WITHIN_CATEGORY,10000_RANDOM_1MB,ERR1980178
DUPLICATE_WITHIN_CATEGORY,10000_RANDOM_1MB,ERR5730957
DUPLICATE_WITHIN_CATEGORY,10000_RANDOM_1MB,ERR1177734
DUPLICATE_WITHIN_CATEGORY,10000_RANDOM_1MB,ERR1925801
DUPLICATE_WITHIN_CATEGORY,10000_RANDOM_1MB,ERR13822502
DUPLICATE_WITHIN_CATEGORY,10000_RANDOM_1MB,ERR13512237
DUPLICATE_WITHIN_CATEGORY,10000_RANDOM_1MB,ERR883520
DUPLICATE_WITHIN_CATEGORY,10000_RANDOM_1MB,ERR9811240
DUPLICATE_WITHIN_CATEGORY,10000_RANDOM_1MB,ERR3063794
DUPLICATE_WITHIN_CATEGORY,10000_RANDOM_1MB,ERR2621395
DUPLICATE_WITHIN_CATEGORY,10000_RANDOM_1MB,ERR14907886
DUPLICATE_WITHIN_CATEGORY,10000_RANDOM_1MB,ERR1919571
DUPLICATE_WITHIN_CATEGORY,10000_RANDOM_1MB,ERR1980178
DUPLICATE_WITHIN_CATEGORY,10000_RANDOM_1MB,ERR2866353
DUPLICATE_WITHIN_CATEGORY,10000_RANDOM_1MB,ERR883427
DUPLICATE_WITHIN_CATEGORY,10000_RANDOM_1MB,ERR13822502
DUPLICATE_WITHIN_CATEGORY,10000_RANDOM_1MB,ERR883427
DUPLICATE_WITHIN_CATEGORY,10000_RANDOM_1MB,ERR14788387
DUPLICATE_WITHIN_CATEGORY,10000_RANDOM_1MB,ERR6158085
DUPLICATE_WITHIN_CATEGORY,10000_RANDOM_1MB,ERR1919796
DUPLICATE_WITHIN_CATEGORY,10000_RANDOM_1MB,ERR5767901
DUPLICATE_WITHIN_CATEGORY,10000_RANDOM_1MB,ERR1180176
DUPLICATE_WITHIN_CATEGORY,10000_RANDOM_1MB,ERR14907886
DUPLICATE_WITHIN_CATEGORY,10000_RANDOM_1MB,ERR1926264
DUPLICATE_WITHIN_CATEGORY,10000_RANDOM_1MB,ERR12748615
DUPLICATE_WITHIN_CATEGORY,10000_RANDOM_1MB,ERR13997417
DUPLICATE_WITHIN_CATEGORY,10000_RANDOM_1MB,ERR13512237
DUPLICATE_WITHIN_CATEGORY,10000_RANDOM_1MB,ERR1982308
DUPLICATE_WITHIN_CATEGORY,10000_RANDOM_1MB,ERR1919826
DUPLICATE_WITHIN_CATEGORY,10000_RANDOM_1MB,ERR500527
DUPLICATE_WITHIN_CATEGORY,10000_RANDOM_1MB,ERR12388716
DUPLICATE_WITHIN_CATEGORY,10000_RANDOM_1MB,ERR500527
DUPLICATE_WITHIN_CATEGORY,10000_RANDOM_1MB,ERR9983386
DUPLICATE_WITHIN_CATEGORY,10000_RANDOM_1MB,ERR1176915
DUPLICATE_WITHIN_CATEGORY,10000_RANDOM_1MB,ERR1985357
DUPLICATE_WITHIN_CATEGORY,10000_RANDOM_1MB,ERR1030437
DUPLICATE_WITHIN_CATEGORY,10000_RANDOM_1MB,ERR3003886
DUPLICATE_WITHIN_CATEGORY,10000_RANDOM_1MB,ERR4500392
DUPLICATE_WITHIN_CATEGORY,10000_RANDOM_1MB,ERR1169759
DUPLICATE_WITHIN_CATEGORY,10000_RANDOM_1MB,ERR3976107
DUPLICATE_WITHIN_CATEGORY,10000_RANDOM_1MB,ERR10127071
DUPLICATE_WITHIN_CATEGORY,10000_RANDOM_1MB,ERR1492566
DUPLICATE_WITHIN_CATEGORY,10000_RANDOM_1MB,ERR11662425
DUPLICATE_WITHIN_CATEGORY,10000_RANDOM_1MB,ERR2673288
DUPLICATE_WITHIN_CATEGORY,10000_RANDOM_1MB,ERR10317812
DUPLICATE_WITHIN_CATEGORY,10000_RANDOM_1MB,ERR1930727
DUPLICATE_WITHIN_CATEGORY,10000_RANDOM_1MB,ERR13867282
DUPLICATE_WITHIN_CATEGORY,10000_RANDOM_1MB,ERR14585031
DUPLICATE_WITHIN_CATEGORY,10000_RANDOM_1MB,ERR12203305
DUPLICATE_WITHIN_CATEGORY,10000_RANDOM_1MB,ERR1185588
DUPLICATE_WITHIN_CATEGORY,10000_RANDOM_1MB,ERR13063913
DUPLICATE_WITHIN_CATEGORY,10000_RANDOM_1MB,ERR5002903
DUPLICATE_WITHIN_CATEGORY,10000_RANDOM_1MB,ERR13517250
DUPLICATE_WITHIN_CATEGORY,10000_RANDOM_1MB,ERR12860739
DUPLICATE_WITHIN_CATEGORY,10000_RANDOM_1MB,ERR2575337
DUPLICATE_WITHIN_CATEGORY,10000_RANDOM_1MB,ERR6663076
DUPLICATE_WITHIN_CATEGORY,10000_RANDOM_1MB,ERR11554719
DUPLICATE_WITHIN_CATEGORY,10000_RANDOM_1MB,ERR12400118
DUPLICATE_WITHIN_CATEGORY,10000_RANDOM_1MB,ERR4497688
DUPLICATE_WITHIN_CATEGORY,10000_RANDOM_1MB,ERR1984625
DUPLICATE_WITHIN_CATEGORY,10000_RANDOM_1MB,ERR13504667
DUPLICATE_WITHIN_CATEGORY,10000_RANDOM_1MB,ERR1925976
DUPLICATE_WITHIN_CATEGORY,10000_RANDOM_1MB,ERR14674373
DUPLICATE_WITHIN_CATEGORY,10000_RANDOM_1MB,ERR2836565
DUPLICATE_WITHIN_CATEGORY,10000_RANDOM_1MB,ERR3916296
DUPLICATE_WITHIN_CATEGORY,10000_RANDOM_1MB,ERR4497821
DUPLICATE_WITHIN_CATEGORY,10000_RANDOM_1MB,ERR10218997
DUPLICATE_WITHIN_CATEGORY,10000_RANDOM_1MB,ERR12395317
DUPLICATE_WITHIN_CATEGORY,10000_RANDOM_1MB,ERR6877042
DUPLICATE_WITHIN_CATEGORY,10000_RANDOM_1MB,ERR1985093
DUPLICATE_WITHIN_CATEGORY,10000_RANDOM_1MB,ERR1170352
DUPLICATE_WITHIN_CATEGORY,10000_RANDOM_1MB,ERR13997314
DUPLICATE_WITHIN_CATEGORY,10000_RANDOM_1MB,ERR1184844
DUPLICATE_WITHIN_CATEGORY,10000_RANDOM_1MB,ERR14859560
DUPLICATE_WITHIN_CATEGORY,10000_RANDOM_1MB,ERR3893777
DUPLICATE_WITHIN_CATEGORY,10000_RANDOM_1MB,ERR1984730
DUPLICATE_WITHIN_CATEGORY,10000_RANDOM_1MB,ERR2673288
DUPLICATE_WITHIN_CATEGORY,10000_RANDOM_1MB,ERR5730957
DUPLICATE_WITHIN_CATEGORY,10000_RANDOM_1MB,ERR13588473
DUPLICATE_WITHIN_CATEGORY,10000_RANDOM_1MB,ERR883520
DUPLICATE_WITHIN_CATEGORY,10000_RANDOM_1MB,ERR9983386
DUPLICATE_WITHIN_CATEGORY,10000_RANDOM_1MB,ERR1931857
DUPLICATE_WITHIN_CATEGORY,10000_RANDOM_1MB,ERR1919796
DUPLICATE_WITHIN_CATEGORY,10000_RANDOM_1MB,ERR9983086
DUPLICATE_WITHIN_CATEGORY,10000_RANDOM_1MB,ERR12125297
DUPLICATE_WITHIN_CATEGORY,10000_RANDOM_1MB,ERR4473017
DUPLICATE_WITHIN_CATEGORY,10000_RANDOM_1MB,ERR13504022
DUPLICATE_WITHIN_CATEGORY,10000_RANDOM_1MB,ERR1032793
DUPLICATE_WITHIN_CATEGORY,10000_RANDOM_1MB,ERR1184844
DUPLICATE_WITHIN_CATEGORY,10000_RANDOM_1MB,ERR1931350
DUPLICATE_WITHIN_CATEGORY,10000_RANDOM_1MB,ERR1182930
DUPLICATE_WITHIN_CATEGORY,10000_RANDOM_1MB,ERR824834
DUPLICATE_WITHIN_CATEGORY,10000_RANDOM_1MB,ERR1032793
DUPLICATE_WITHIN_CATEGORY,10000_RANDOM_1MB,ERR14243127
DUPLICATE_WITHIN_CATEGORY,10000_RANDOM_1MB,ERR14925092
DUPLICATE_WITHIN_CATEGORY,10000_RANDOM_1MB,ERR7131962
DUPLICATE_WITHIN_CATEGORY,10000_RANDOM_1MB,ERR13255927
DUPLICATE_WITHIN_CATEGORY,10000_RANDOM_1MB,ERR4388540
DUPLICATE_WITHIN_CATEGORY,10000_RANDOM_1MB,ERR12400118
DUPLICATE_WITHIN_CATEGORY,10000_RANDOM_1MB,ERR1931350
DUPLICATE_WITHIN_CATEGORY,10000_RANDOM_1MB,ERR10940272
DUPLICATE_WITHIN_CATEGORY,10000_RANDOM_1MB,ERR6663076
DUPLICATE_WITHIN_CATEGORY,10000_RANDOM_1MB,ERR11180165
DUPLICATE_WITHIN_CATEGORY,10000_RANDOM_1MB,ERR14822514
DUPLICATE_WITHIN_CATEGORY,10000_RANDOM_1MB,ERR1177734
DUPLICATE_WITHIN_CATEGORY,10000_RANDOM_1MB,ERR6158085
DUPLICATE_WITHIN_CATEGORY,10000_RANDOM_1MB,ERR4498203
DUPLICATE_WITHIN_CATEGORY,10000_RANDOM_1MB,ERR9727969
DUPLICATE_WITHIN_CATEGORY,10000_RANDOM_1MB,ERR1169590
DUPLICATE_WITHIN_CATEGORY,10000_RANDOM_1MB,ERR1492566
DUPLICATE_WITHIN_CATEGORY,10000_RANDOM_1MB,ERR1919826
DUPLICATE_WITHIN_CATEGORY,10000_RANDOM_1MB,ERR11599584
DUPLICATE_WITHIN_CATEGORY,10000_RANDOM_1MB,ERR3514484
DUPLICATE_WITHIN_CATEGORY,10000_RANDOM_1MB,ERR1679913
DUPLICATE_WITHIN_CATEGORY,10000_RANDOM_1MB,ERR11443953
DUPLICATE_WITHIN_CATEGORY,10000_RANDOM_1MB,ERR9077852
DUPLICATE_WITHIN_CATEGORY,10000_RANDOM_1MB,ERR1925838
DUPLICATE_WITHIN_CATEGORY,10000_RANDOM_1MB,ERR1979407
DUPLICATE_WITHIN_CATEGORY,10000_RANDOM_1MB,ERR4498203
DUPLICATE_WITHIN_CATEGORY,10000_RANDOM_1MB,ERR1925666
DUPLICATE_WITHIN_CATEGORY,10000_RANDOM_1MB,ERR1979517
DUPLICATE_WITHIN_CATEGORY,10000_RANDOM_1MB,ERR12681531
DUPLICATE_WITHIN_CATEGORY,10000_RANDOM_1MB,ERR15130820
DUPLICATE_WITHIN_CATEGORY,10000_RANDOM_1MB,ERR1925801
DUPLICATE_WITHIN_CATEGORY,10000_RANDOM_1MB,ERR13514599
DUPLICATE_WITHIN_CATEGORY,10000_RANDOM_1MB,ERR8017060
DUPLICATE_WITHIN_CATEGORY,10000_RANDOM_1MB,ERR11662425
DUPLICATE_WITHIN_CATEGORY,10000_RANDOM_1MB,ERR1182905
DUPLICATE_WITHIN_CATEGORY,10000_RANDOM_1MB,ERR2672852
DUPLICATE_WITHIN_CATEGORY,10000_RANDOM_1MB,ERR12252835
DUPLICATE_WITHIN_CATEGORY,10000_RANDOM_1MB,ERR13055474
DUPLICATE_WITHIN_CATEGORY,10000_RANDOM_1MB,ERR6142828
DUPLICATE_WITHIN_CATEGORY,10000_RANDOM_1MB,ERR3893018
DUPLICATE_WITHIN_CATEGORY,10000_RANDOM_1MB,ERR11216438
DUPLICATE_WITHIN_CATEGORY,10000_RANDOM_1MB,ERR1919972
DUPLICATE_WITHIN_CATEGORY,10000_RANDOM_1MB,ERR3659657
DUPLICATE_WITHIN_CATEGORY,1000_RANDOM_1GB,ERR1992507
DUPLICATE_WITHIN_CATEGORY,1000_RANDOM_1GB,ERR1992507
RUN_IN_MULTIPLE_CATEGORIES,10000_RANDOM_1MB;1000_RANDOM_1MB,ERR1006424
RUN_IN_MULTIPLE_CATEGORIES,10000_RANDOM_1MB;1000_RANDOM_1MB,ERR10114754
RUN_IN_MULTIPLE_CATEGORIES,10000_RANDOM_1MB;1000_RANDOM_1MB,ERR10116981
RUN_IN_MULTIPLE_CATEGORIES,10000_RANDOM_1MB;1000_RANDOM_1MB,ERR10128261
RUN_IN_MULTIPLE_CATEGORIES,10000_RANDOM_1MB;1000_RANDOM_1MB,ERR1020843
RUN_IN_MULTIPLE_CATEGORIES,10000_RANDOM_1MB;1000_RANDOM_1MB,ERR1028350
RUN_IN_MULTIPLE_CATEGORIES,10000_RANDOM_1MB;1000_RANDOM_1MB,ERR1028603
RUN_IN_MULTIPLE_CATEGORIES,10000_RANDOM_1MB;1000_RANDOM_1MB,ERR10484112
RUN_IN_MULTIPLE_CATEGORIES,10000_RANDOM_1MB;1000_RANDOM_1MB,ERR10653940
RUN_IN_MULTIPLE_CATEGORIES,10000_RANDOM_1MB;1000_RANDOM_1MB,ERR1076390
RUN_IN_MULTIPLE_CATEGORIES,10000_RANDOM_1MB;1000_RANDOM_1MB,ERR1077198
RUN_IN_MULTIPLE_CATEGORIES,10000_RANDOM_1MB;1000_RANDOM_1MB,ERR10868309
RUN_IN_MULTIPLE_CATEGORIES,10000_RANDOM_1MB;1000_RANDOM_1MB,ERR10959260
RUN_IN_MULTIPLE_CATEGORIES,10000_RANDOM_1MB;1000_RANDOM_1MB,ERR10967360
RUN_IN_MULTIPLE_CATEGORIES,10000_RANDOM_1MB;1000_RANDOM_1MB,ERR11084283
RUN_IN_MULTIPLE_CATEGORIES,10000_RANDOM_1MB;1000_RANDOM_1MB,ERR11085204
RUN_IN_MULTIPLE_CATEGORIES,10000_RANDOM_1MB;1000_RANDOM_1MB,ERR11085344
RUN_IN_MULTIPLE_CATEGORIES,10000_RANDOM_1MB;1000_RANDOM_1MB,ERR11139707
RUN_IN_MULTIPLE_CATEGORIES,10000_RANDOM_1MB;1000_RANDOM_1MB,ERR11242990
RUN_IN_MULTIPLE_CATEGORIES,10000_RANDOM_1MB;1000_RANDOM_1MB,ERR11272801
RUN_IN_MULTIPLE_CATEGORIES,10000_RANDOM_1MB;1000_RANDOM_1MB,ERR11437493
RUN_IN_MULTIPLE_CATEGORIES,10000_RANDOM_1MB;1000_RANDOM_1MB,ERR11438356
RUN_IN_MULTIPLE_CATEGORIES,10000_RANDOM_1MB;1000_RANDOM_1MB,ERR11438388
RUN_IN_MULTIPLE_CATEGORIES,10000_RANDOM_1MB;1000_RANDOM_1MB,ERR11599584
RUN_IN_MULTIPLE_CATEGORIES,10000_RANDOM_1MB;1000_RANDOM_1MB,ERR11612834
RUN_IN_MULTIPLE_CATEGORIES,10000_RANDOM_1MB;1000_RANDOM_1MB,ERR11612995
RUN_IN_MULTIPLE_CATEGORIES,10000_RANDOM_1MB;1000_RANDOM_1MB,ERR11628079
RUN_IN_MULTIPLE_CATEGORIES,10000_RANDOM_1MB;1000_RANDOM_1MB,ERR1164860
RUN_IN_MULTIPLE_CATEGORIES,10000_RANDOM_1MB;1000_RANDOM_1MB,ERR1166059
RUN_IN_MULTIPLE_CATEGORIES,10000_RANDOM_1MB;1000_RANDOM_1MB,ERR1167756
RUN_IN_MULTIPLE_CATEGORIES,10000_RANDOM_1MB;1000_RANDOM_1MB,ERR11723716
RUN_IN_MULTIPLE_CATEGORIES,10000_RANDOM_1MB;1000_RANDOM_1MB,ERR1176068
RUN_IN_MULTIPLE_CATEGORIES,10000_RANDOM_1MB;1000_RANDOM_1MB,ERR1178334
RUN_IN_MULTIPLE_CATEGORIES,10000_RANDOM_1MB;1000_RANDOM_1MB,ERR11790236
RUN_IN_MULTIPLE_CATEGORIES,10000_RANDOM_1MB;1000_RANDOM_1MB,ERR1181104
RUN_IN_MULTIPLE_CATEGORIES,10000_RANDOM_1MB;1000_RANDOM_1MB,ERR11893301
RUN_IN_MULTIPLE_CATEGORIES,10000_RANDOM_1MB;1000_RANDOM_1MB,ERR12142246
RUN_IN_MULTIPLE_CATEGORIES,10000_RANDOM_1MB;1000_RANDOM_1MB,ERR1224673
RUN_IN_MULTIPLE_CATEGORIES,10000_RANDOM_1MB;1000_RANDOM_1MB,ERR12309899
RUN_IN_MULTIPLE_CATEGORIES,10000_RANDOM_1MB;1000_RANDOM_1MB,ERR12319081
RUN_IN_MULTIPLE_CATEGORIES,10000_RANDOM_1MB;1000_RANDOM_1MB,ERR12320099
RUN_IN_MULTIPLE_CATEGORIES,10000_RANDOM_1MB;1000_RANDOM_1MB,ERR12378005
RUN_IN_MULTIPLE_CATEGORIES,10000_RANDOM_1MB;1000_RANDOM_1MB,ERR12380445
RUN_IN_MULTIPLE_CATEGORIES,10000_RANDOM_1MB;1000_RANDOM_1MB,ERR12395317
RUN_IN_MULTIPLE_CATEGORIES,10000_RANDOM_1MB;1000_RANDOM_1MB,ERR12513685
RUN_IN_MULTIPLE_CATEGORIES,10000_RANDOM_1MB;1000_RANDOM_1MB,ERR12671724
RUN_IN_MULTIPLE_CATEGORIES,10000_RANDOM_1MB;1000_RANDOM_1MB,ERR12676298
RUN_IN_MULTIPLE_CATEGORIES,10000_RANDOM_1MB;1000_RANDOM_1MB,ERR12680613
RUN_IN_MULTIPLE_CATEGORIES,10000_RANDOM_1MB;1000_RANDOM_1MB,ERR12751673
RUN_IN_MULTIPLE_CATEGORIES,10000_RANDOM_1MB;1000_RANDOM_1MB,ERR13031651
RUN_IN_MULTIPLE_CATEGORIES,10000_RANDOM_1MB;1000_RANDOM_1MB,ERR13098216
RUN_IN_MULTIPLE_CATEGORIES,10000_RANDOM_1MB;1000_RANDOM_1MB,ERR1311011
RUN_IN_MULTIPLE_CATEGORIES,10000_RANDOM_1MB;1000_RANDOM_1MB,ERR13125013
RUN_IN_MULTIPLE_CATEGORIES,10000_RANDOM_1MB;1000_RANDOM_1MB,ERR13304559
RUN_IN_MULTIPLE_CATEGORIES,10000_RANDOM_1MB;1000_RANDOM_1MB,ERR13475509
RUN_IN_MULTIPLE_CATEGORIES,10000_RANDOM_1MB;1000_RANDOM_1MB,ERR13482121
RUN_IN_MULTIPLE_CATEGORIES,10000_RANDOM_1MB;1000_RANDOM_1MB,ERR13514557
RUN_IN_MULTIPLE_CATEGORIES,10000_RANDOM_1MB;1000_RANDOM_1MB,ERR13580344
RUN_IN_MULTIPLE_CATEGORIES,10000_RANDOM_1MB;1000_RANDOM_1MB,ERR13586279
RUN_IN_MULTIPLE_CATEGORIES,10000_RANDOM_1MB;10_RANDOM_1MB,ERR13671989
RUN_IN_MULTIPLE_CATEGORIES,10000_RANDOM_1MB;1000_RANDOM_1MB,ERR13818134
RUN_IN_MULTIPLE_CATEGORIES,10000_RANDOM_1MB;1000_RANDOM_1MB,ERR13851846
RUN_IN_MULTIPLE_CATEGORIES,10000_RANDOM_1MB;1000_RANDOM_1MB,ERR13861347
RUN_IN_MULTIPLE_CATEGORIES,10000_RANDOM_1MB;1000_RANDOM_1MB,ERR13935532
RUN_IN_MULTIPLE_CATEGORIES,10000_RANDOM_1MB;1000_RANDOM_1MB,ERR13944792
RUN_IN_MULTIPLE_CATEGORIES,10000_RANDOM_1MB;1000_RANDOM_1MB,ERR13945187
RUN_IN_MULTIPLE_CATEGORIES,10000_RANDOM_1MB;1000_RANDOM_1MB,ERR13945230
RUN_IN_MULTIPLE_CATEGORIES,10000_RANDOM_1MB;1000_RANDOM_1MB,ERR13997420
RUN_IN_MULTIPLE_CATEGORIES,10000_RANDOM_1MB;1000_RANDOM_1MB,ERR13997666
RUN_IN_MULTIPLE_CATEGORIES,10000_RANDOM_1MB;1000_RANDOM_1MB,ERR14019680
RUN_IN_MULTIPLE_CATEGORIES,10000_RANDOM_1MB;1000_RANDOM_1MB,ERR14019797
RUN_IN_MULTIPLE_CATEGORIES,10000_RANDOM_1MB;1000_RANDOM_1MB,ERR14110943
RUN_IN_MULTIPLE_CATEGORIES,10000_RANDOM_1MB;1000_RANDOM_1MB,ERR14204664
RUN_IN_MULTIPLE_CATEGORIES,10000_RANDOM_1MB;1000_RANDOM_1MB,ERR1447645
RUN_IN_MULTIPLE_CATEGORIES,10000_RANDOM_1MB;1000_RANDOM_1MB,ERR1464886
RUN_IN_MULTIPLE_CATEGORIES,10000_RANDOM_1MB;1000_RANDOM_1MB,ERR14659373
RUN_IN_MULTIPLE_CATEGORIES,10000_RANDOM_1MB;1000_RANDOM_1MB,ERR1466219
RUN_IN_MULTIPLE_CATEGORIES,10000_RANDOM_1MB;1000_RANDOM_1MB,ERR14779014
RUN_IN_MULTIPLE_CATEGORIES,10000_RANDOM_1MB;1000_RANDOM_1MB,ERR14907888
RUN_IN_MULTIPLE_CATEGORIES,10000_RANDOM_1MB;1000_RANDOM_1MB,ERR14914278
RUN_IN_MULTIPLE_CATEGORIES,10000_RANDOM_1MB;1000_RANDOM_1MB,ERR14915376
RUN_IN_MULTIPLE_CATEGORIES,10000_RANDOM_1MB;1000_RANDOM_1MB,ERR14917056
RUN_IN_MULTIPLE_CATEGORIES,10000_RANDOM_1MB;1000_RANDOM_1MB,ERR14978613
RUN_IN_MULTIPLE_CATEGORIES,10000_RANDOM_1MB;1000_RANDOM_1MB,ERR1501785
RUN_IN_MULTIPLE_CATEGORIES,10000_RANDOM_1MB;1000_RANDOM_1MB,ERR15089001
RUN_IN_MULTIPLE_CATEGORIES,10000_RANDOM_1MB;1000_RANDOM_1MB,ERR1517917
RUN_IN_MULTIPLE_CATEGORIES,10000_RANDOM_1MB;1000_RANDOM_1MB,ERR1550840
RUN_IN_MULTIPLE_CATEGORIES,10000_RANDOM_1MB;1000_RANDOM_1MB,ERR1551186
RUN_IN_MULTIPLE_CATEGORIES,10000_RANDOM_1MB;1000_RANDOM_1MB,ERR1771279
RUN_IN_MULTIPLE_CATEGORIES,10000_RANDOM_1MB;1000_RANDOM_1MB,ERR1797900
RUN_IN_MULTIPLE_CATEGORIES,10000_RANDOM_1MB;1000_RANDOM_1MB,ERR1829676
RUN_IN_MULTIPLE_CATEGORIES,10000_RANDOM_1MB;1000_RANDOM_1MB,ERR1841485
RUN_IN_MULTIPLE_CATEGORIES,10000_RANDOM_1MB;1000_RANDOM_1MB,ERR1843697
RUN_IN_MULTIPLE_CATEGORIES,10000_RANDOM_1MB;1000_RANDOM_1MB,ERR1854781
RUN_IN_MULTIPLE_CATEGORIES,10000_RANDOM_1MB;1000_RANDOM_1MB,ERR1918639
RUN_IN_MULTIPLE_CATEGORIES,10000_RANDOM_1MB;1000_RANDOM_1MB,ERR1919211
RUN_IN_MULTIPLE_CATEGORIES,10000_RANDOM_1MB;1000_RANDOM_1MB,ERR1919721
RUN_IN_MULTIPLE_CATEGORIES,10000_RANDOM_1MB;1000_RANDOM_1MB,ERR1919743
RUN_IN_MULTIPLE_CATEGORIES,10000_RANDOM_1MB;1000_RANDOM_1MB,ERR1919972
RUN_IN_MULTIPLE_CATEGORIES,10000_RANDOM_1MB;1000_RANDOM_1MB,ERR1926256
RUN_IN_MULTIPLE_CATEGORIES,10000_RANDOM_1MB;1000_RANDOM_1MB,ERR1926595
RUN_IN_MULTIPLE_CATEGORIES,10000_RANDOM_1MB;1000_RANDOM_1MB,ERR1930234
RUN_IN_MULTIPLE_CATEGORIES,10000_RANDOM_1MB;1000_RANDOM_1MB,ERR1931593
RUN_IN_MULTIPLE_CATEGORIES,10000_RANDOM_1MB;1000_RANDOM_1MB,ERR1931892
RUN_IN_MULTIPLE_CATEGORIES,10000_RANDOM_1MB;1000_RANDOM_1MB,ERR1951528
RUN_IN_MULTIPLE_CATEGORIES,10000_RANDOM_1MB;1000_RANDOM_1MB,ERR195341
RUN_IN_MULTIPLE_CATEGORIES,10000_RANDOM_1MB;1000_RANDOM_1MB,ERR1975298
RUN_IN_MULTIPLE_CATEGORIES,10000_RANDOM_1MB;1000_RANDOM_1MB,ERR1975466
RUN_IN_MULTIPLE_CATEGORIES,10000_RANDOM_1MB;1000_RANDOM_1MB,ERR1979228
RUN_IN_MULTIPLE_CATEGORIES,10000_RANDOM_1MB;1000_RANDOM_1MB,ERR1979610
RUN_IN_MULTIPLE_CATEGORIES,10000_RANDOM_1MB;1000_RANDOM_1MB,ERR1979981
RUN_IN_MULTIPLE_CATEGORIES,10000_RANDOM_1MB;1000_RANDOM_1MB,ERR1980038
RUN_IN_MULTIPLE_CATEGORIES,10000_RANDOM_1MB;1000_RANDOM_1MB,ERR1980310
RUN_IN_MULTIPLE_CATEGORIES,10000_RANDOM_1MB;1000_RANDOM_1MB,ERR1982434
RUN_IN_MULTIPLE_CATEGORIES,10000_RANDOM_1MB;1000_RANDOM_1MB,ERR1982932
RUN_IN_MULTIPLE_CATEGORIES,10000_RANDOM_1MB;1000_RANDOM_1MB,ERR1984032
RUN_IN_MULTIPLE_CATEGORIES,10000_RANDOM_1MB;1000_RANDOM_1MB,ERR1984173
RUN_IN_MULTIPLE_CATEGORIES,10000_RANDOM_1MB;1000_RANDOM_1MB,ERR1985741
RUN_IN_MULTIPLE_CATEGORIES,10000_RANDOM_1MB;1000_RANDOM_1MB,ERR2013360
RUN_IN_MULTIPLE_CATEGORIES,10000_RANDOM_1MB;1000_RANDOM_1MB,ERR2072207
RUN_IN_MULTIPLE_CATEGORIES,10000_RANDOM_1MB;1000_RANDOM_1MB,ERR2183381
RUN_IN_MULTIPLE_CATEGORIES,10000_RANDOM_1MB;1000_RANDOM_1MB,ERR2279935
RUN_IN_MULTIPLE_CATEGORIES,10000_RANDOM_1MB;1000_RANDOM_1MB,ERR2286888
RUN_IN_MULTIPLE_CATEGORIES,10000_RANDOM_1MB;1000_RANDOM_1MB,ERR2357229
RUN_IN_MULTIPLE_CATEGORIES,10000_RANDOM_1MB;1000_RANDOM_1MB,ERR2457454
RUN_IN_MULTIPLE_CATEGORIES,10000_RANDOM_1MB;1000_RANDOM_1MB,ERR2563699
RUN_IN_MULTIPLE_CATEGORIES,10000_RANDOM_1MB;1000_RANDOM_1MB,ERR2575243
RUN_IN_MULTIPLE_CATEGORIES,10000_RANDOM_1MB;1000_RANDOM_1MB,ERR2577168
RUN_IN_MULTIPLE_CATEGORIES,10000_RANDOM_1MB;1000_RANDOM_1MB,ERR2579891
RUN_IN_MULTIPLE_CATEGORIES,10000_RANDOM_1MB;1000_RANDOM_1MB,ERR261975
RUN_IN_MULTIPLE_CATEGORIES,10000_RANDOM_1MB;1000_RANDOM_1MB,ERR2684710
RUN_IN_MULTIPLE_CATEGORIES,10000_RANDOM_1MB;1000_RANDOM_1MB,ERR2697580
RUN_IN_MULTIPLE_CATEGORIES,10000_RANDOM_1MB;1000_RANDOM_1MB,ERR2761603
RUN_IN_MULTIPLE_CATEGORIES,10000_RANDOM_1MB;1000_RANDOM_1MB,ERR2836517
RUN_IN_MULTIPLE_CATEGORIES,10000_RANDOM_1MB;1000_RANDOM_1MB,ERR2902739
RUN_IN_MULTIPLE_CATEGORIES,10000_RANDOM_1MB;1000_RANDOM_1MB,ERR2991604
RUN_IN_MULTIPLE_CATEGORIES,10000_RANDOM_1MB;1000_RANDOM_1MB,ERR3003886
RUN_IN_MULTIPLE_CATEGORIES,10000_RANDOM_1MB;1000_RANDOM_1MB,ERR3004019
RUN_IN_MULTIPLE_CATEGORIES,10000_RANDOM_1MB;1000_RANDOM_1MB,ERR3026814
RUN_IN_MULTIPLE_CATEGORIES,10000_RANDOM_1MB;1000_RANDOM_1MB,ERR3158498
RUN_IN_MULTIPLE_CATEGORIES,10000_RANDOM_1MB;1000_RANDOM_1MB,ERR3311374
RUN_IN_MULTIPLE_CATEGORIES,10000_RANDOM_1MB;1000_RANDOM_1MB,ERR336446
RUN_IN_MULTIPLE_CATEGORIES,10000_RANDOM_1MB;1000_RANDOM_1MB,ERR3452760
RUN_IN_MULTIPLE_CATEGORIES,10000_RANDOM_1MB;1000_RANDOM_1MB,ERR3485668
RUN_IN_MULTIPLE_CATEGORIES,10000_RANDOM_1MB;1000_RANDOM_1MB,ERR3500597
RUN_IN_MULTIPLE_CATEGORIES,10000_RANDOM_1MB;1000_RANDOM_1MB,ERR3520842
RUN_IN_MULTIPLE_CATEGORIES,10000_RANDOM_1MB;1000_RANDOM_1MB,ERR3585909
RUN_IN_MULTIPLE_CATEGORIES,10000_RANDOM_1MB;1000_RANDOM_1MB,ERR3623039
RUN_IN_MULTIPLE_CATEGORIES,10000_RANDOM_1MB;1000_RANDOM_1MB,ERR3628192
RUN_IN_MULTIPLE_CATEGORIES,10000_RANDOM_1MB;1000_RANDOM_1MB,ERR3628488
RUN_IN_MULTIPLE_CATEGORIES,10000_RANDOM_1MB;1000_RANDOM_1MB,ERR3827745
RUN_IN_MULTIPLE_CATEGORIES,10000_RANDOM_1MB;1000_RANDOM_1MB,ERR3841693
RUN_IN_MULTIPLE_CATEGORIES,10000_RANDOM_1MB;1000_RANDOM_1MB,ERR3863258
RUN_IN_MULTIPLE_CATEGORIES,10000_RANDOM_1MB;1000_RANDOM_1MB,ERR3893331
RUN_IN_MULTIPLE_CATEGORIES,10000_RANDOM_1MB;1000_RANDOM_1MB,ERR3935436
RUN_IN_MULTIPLE_CATEGORIES,10000_RANDOM_1MB;1000_RANDOM_1MB,ERR3975571
RUN_IN_MULTIPLE_CATEGORIES,10000_RANDOM_1MB;1000_RANDOM_1MB,ERR3976106
RUN_IN_MULTIPLE_CATEGORIES,10000_RANDOM_1MB;1000_RANDOM_1MB,ERR4016542
RUN_IN_MULTIPLE_CATEGORIES,10000_RANDOM_1MB;1000_RANDOM_1MB,ERR4232712
RUN_IN_MULTIPLE_CATEGORIES,10000_RANDOM_1MB;1000_RANDOM_1MB,ERR4314330
RUN_IN_MULTIPLE_CATEGORIES,10000_RANDOM_1MB;1000_RANDOM_1MB,ERR4388550
RUN_IN_MULTIPLE_CATEGORIES,10000_RANDOM_1MB;1000_RANDOM_1MB,ERR440122
RUN_IN_MULTIPLE_CATEGORIES,10000_RANDOM_1MB;1000_RANDOM_1MB,ERR4472848
RUN_IN_MULTIPLE_CATEGORIES,10000_RANDOM_1MB;1000_RANDOM_1MB,ERR4475261
RUN_IN_MULTIPLE_CATEGORIES,10000_RANDOM_1MB;1000_RANDOM_1MB,ERR465404
RUN_IN_MULTIPLE_CATEGORIES,10000_RANDOM_1MB;1000_RANDOM_1MB,ERR4769160
RUN_IN_MULTIPLE_CATEGORIES,10000_RANDOM_1MB;1000_RANDOM_1MB,ERR4770072
RUN_IN_MULTIPLE_CATEGORIES,10000_RANDOM_1MB;1000_RANDOM_1MB,ERR489895
RUN_IN_MULTIPLE_CATEGORIES,10000_RANDOM_1MB;1000_RANDOM_1MB,ERR4914541
RUN_IN_MULTIPLE_CATEGORIES,10000_RANDOM_1MB;1000_RANDOM_1MB,ERR4971235
RUN_IN_MULTIPLE_CATEGORIES,10000_RANDOM_1MB;1000_RANDOM_1MB,ERR498958
RUN_IN_MULTIPLE_CATEGORIES,10000_RANDOM_1MB;1000_RANDOM_1MB,ERR4994673
RUN_IN_MULTIPLE_CATEGORIES,10000_RANDOM_1MB;1000_RANDOM_1MB,ERR500476
RUN_IN_MULTIPLE_CATEGORIES,10000_RANDOM_1MB;1000_RANDOM_1MB,ERR500654
RUN_IN_MULTIPLE_CATEGORIES,10000_RANDOM_1MB;1000_RANDOM_1MB,ERR5012262
RUN_IN_MULTIPLE_CATEGORIES,10000_RANDOM_1MB;1000_RANDOM_1MB,ERR5052226
RUN_IN_MULTIPLE_CATEGORIES,10000_RANDOM_1MB;1000_RANDOM_1MB,ERR5168267
RUN_IN_MULTIPLE_CATEGORIES,10000_RANDOM_1MB;1000_RANDOM_1MB,ERR5280570
RUN_IN_MULTIPLE_CATEGORIES,10000_RANDOM_1MB;1000_RANDOM_1MB,ERR5325631
RUN_IN_MULTIPLE_CATEGORIES,10000_RANDOM_1MB;1000_RANDOM_1MB,ERR5325715
RUN_IN_MULTIPLE_CATEGORIES,10000_RANDOM_1MB;1000_RANDOM_1MB,ERR5326799
RUN_IN_MULTIPLE_CATEGORIES,10000_RANDOM_1MB;1000_RANDOM_1MB,ERR5333291
RUN_IN_MULTIPLE_CATEGORIES,10000_RANDOM_1MB;1000_RANDOM_1MB,ERR5556602
RUN_IN_MULTIPLE_CATEGORIES,10000_RANDOM_1MB;1000_RANDOM_1MB,ERR5662063
RUN_IN_MULTIPLE_CATEGORIES,10000_RANDOM_1MB;1000_RANDOM_1MB,ERR5899135
RUN_IN_MULTIPLE_CATEGORIES,10000_RANDOM_1MB;1000_RANDOM_1MB,ERR5930379
RUN_IN_MULTIPLE_CATEGORIES,10000_RANDOM_1MB;1000_RANDOM_1MB,ERR5930922
RUN_IN_MULTIPLE_CATEGORIES,10000_RANDOM_1MB;1000_RANDOM_1MB,ERR5953551
RUN_IN_MULTIPLE_CATEGORIES,10000_RANDOM_1MB;1000_RANDOM_1MB,ERR6007493
RUN_IN_MULTIPLE_CATEGORIES,10000_RANDOM_1MB;1000_RANDOM_1MB,ERR6359380
RUN_IN_MULTIPLE_CATEGORIES,10000_RANDOM_1MB;1000_RANDOM_1MB,ERR6361729
RUN_IN_MULTIPLE_CATEGORIES,10000_RANDOM_1MB;1000_RANDOM_1MB,ERR6407540
RUN_IN_MULTIPLE_CATEGORIES,10000_RANDOM_1MB;1000_RANDOM_1MB,ERR667825
RUN_IN_MULTIPLE_CATEGORIES,10000_RANDOM_1MB;1000_RANDOM_1MB,ERR670307
RUN_IN_MULTIPLE_CATEGORIES,10000_RANDOM_1MB;1000_RANDOM_1MB,ERR6802846
RUN_IN_MULTIPLE_CATEGORIES,10000_RANDOM_1MB;1000_RANDOM_1MB,ERR6802911
RUN_IN_MULTIPLE_CATEGORIES,10000_RANDOM_1MB;1000_RANDOM_1MB,ERR6803390
RUN_IN_MULTIPLE_CATEGORIES,10000_RANDOM_1MB;1000_RANDOM_1MB,ERR6943245
RUN_IN_MULTIPLE_CATEGORIES,10000_RANDOM_1MB;1000_RANDOM_1MB,ERR7012061
RUN_IN_MULTIPLE_CATEGORIES,10000_RANDOM_1MB;1000_RANDOM_1MB,ERR7265076
RUN_IN_MULTIPLE_CATEGORIES,10000_RANDOM_1MB;1000_RANDOM_1MB,ERR7440887
RUN_IN_MULTIPLE_CATEGORIES,10000_RANDOM_1MB;1000_RANDOM_1MB,ERR7458978
RUN_IN_MULTIPLE_CATEGORIES,10000_RANDOM_1MB;1000_RANDOM_1MB,ERR768543
RUN_IN_MULTIPLE_CATEGORIES,10000_RANDOM_1MB;1000_RANDOM_1MB,ERR7929753
RUN_IN_MULTIPLE_CATEGORIES,10000_RANDOM_1MB;1000_RANDOM_1MB,ERR8049742
RUN_IN_MULTIPLE_CATEGORIES,10000_RANDOM_1MB;1000_RANDOM_1MB,ERR818390
RUN_IN_MULTIPLE_CATEGORIES,10000_RANDOM_1MB;1000_RANDOM_1MB,ERR8649904
RUN_IN_MULTIPLE_CATEGORIES,10000_RANDOM_1MB;1000_RANDOM_1MB,ERR8649911
RUN_IN_MULTIPLE_CATEGORIES,10000_RANDOM_1MB;1000_RANDOM_1MB,ERR8649926
RUN_IN_MULTIPLE_CATEGORIES,10000_RANDOM_1MB;1000_RANDOM_1MB,ERR8982515
RUN_IN_MULTIPLE_CATEGORIES,10000_RANDOM_1MB;1000_RANDOM_1MB,ERR9080639
RUN_IN_MULTIPLE_CATEGORIES,10000_RANDOM_1MB;1000_RANDOM_1MB,ERR9294907
RUN_IN_MULTIPLE_CATEGORIES,10000_RANDOM_1MB;1000_RANDOM_1MB,ERR9528077
RUN_IN_MULTIPLE_CATEGORIES,10000_RANDOM_1MB;1000_RANDOM_1MB,ERR964975
RUN_IN_MULTIPLE_CATEGORIES,10000_RANDOM_1MB;1000_RANDOM_1MB,ERR9669199
RUN_IN_MULTIPLE_CATEGORIES,10000_RANDOM_1MB;1000_RANDOM_1MB,ERR9746512
RUN_IN_MULTIPLE_CATEGORIES,10000_RANDOM_1MB;1000_RANDOM_1MB,ERR9746958
RUN_IN_MULTIPLE_CATEGORIES,10000_RANDOM_1MB;1000_RANDOM_1MB,ERR9811387
RUN_IN_MULTIPLE_CATEGORIES,10000_RANDOM_1MB;1000_RANDOM_1MB,ERR9956840
RUN_IN_MULTIPLE_CATEGORIES,10000_RANDOM_1MB;1000_RANDOM_1MB,ERR9974243
RUN_IN_MULTIPLE_CATEGORIES,10000_RANDOM_1MB;1000_RANDOM_1MB,ERR9984486
RUN_IN_MULTIPLE_CATEGORIES,10000_RANDOM_1MB;1000_RANDOM_1MB,ERR9984656
RUN_IN_MULTIPLE_CATEGORIES,10000_RANDOM_1MB;1000_RANDOM_1MB,ERR9997099
